Snippet,Label
ICE agent arrested for assaulting detainee,Misconduct
Lawsuit alleges ICE facility used solitary confinement as punishment,Misconduct
Officer accused of falsifying deportation records,Misconduct
Watchdog report finds ICE agent coerced false confessions,Misconduct
Family sues ICE for wrongful death in detention center,Misconduct
Whistleblower reveals ICE staff destroyed internal complaint logs,Misconduct
Detention officer suspended pending internal investigation,Misconduct
Advocacy group reports systemic abuse in ICE custody,Misconduct
ICE agent placed on administrative leave after excessive force complaint,Misconduct
Federal inquiry launched into ICE deportation procedures,Misconduct
Civil rights group sues ICE over detainment practices,Misconduct
Court hears case of ICE agent involved in detainee abuse,Misconduct
Detention center cited for health code violations,Misconduct
ICE employee investigated for misconduct in migrant center,Misconduct
Journalist exposes physical abuse in ICE-run facility,Misconduct
Agent accused of sexual misconduct by multiple detainees,Misconduct
ICE guard caught on video using racial slurs,Misconduct
Report shows ICE repeatedly violated court orders,Misconduct
Internal emails reveal retaliation against whistleblower,Misconduct
ICE director sued for failure to act on abuse reports,Misconduct
Inspector General confirms misconduct in removal operations,Misconduct
Lawsuit: ICE knowingly detained U.S. citizen,Misconduct
FOIA documents show neglect in ICE medical units,Misconduct
Agent demoted following internal ethics breach,Misconduct
Legal watchdog lists ICE among worst federal offenders,Misconduct
News outlet uncovers secret disciplinary files in ICE,Misconduct
FBI opens case into ICE officer’s assault allegations,Misconduct
Court documents detail ICE involvement in unlawful raids,Misconduct
Attorney claims ICE agents lied in immigration court,Misconduct
ICE administrator reassigned following complaint,Misconduct
Audit flags ICE for misuse of surveillance tools,Misconduct
Federal judge rebukes ICE for ignoring court orders,Misconduct
Investigation launched after detainee suicide,Misconduct
ICE internal memo admits excessive use of restraints,Misconduct
Agent caught leaking sensitive data to third parties,Misconduct
Community groups demand accountability over ICE deaths,Misconduct
Mother blames ICE negligence for child’s illness,Misconduct
Multiple ICE workers resign amid abuse scandal,Misconduct
Activist group uncovers secret ICE disciplinary files,Misconduct
Federal oversight body criticizes ICE incident response,Misconduct
ICE sued for separating children from legal guardians,Misconduct
Officer reassigned after confrontation with protester,Misconduct
Watchdog report: ICE delayed emergency medical care,Misconduct
Lawsuit reveals agent used excessive force during raid,Misconduct
Media reveals ICE covered up in-custody injury,Misconduct
FOIA logs show pattern of detainee mistreatment,Misconduct
NGO releases photos of inhumane ICE detention cells,Misconduct
ICE failed to report use-of-force incidents,Misconduct
Policy memo shows ICE authorized rights violations,Misconduct
Deportee dies after ICE delays medical treatment,Misconduct
Agent found guilty in civil misconduct case,Misconduct
Human rights attorney sues ICE for abuse,Misconduct
ICE sued by legal aid group for overstepping jurisdiction,Misconduct
Watchdog finds ICE misused solitary confinement,Misconduct
Senate hearing questions ICE over detainee abuse,Misconduct
Court blocks ICE practice found unconstitutional,Misconduct
ICE official lied to federal investigators,Misconduct
Survivor recounts verbal abuse by ICE personnel,Misconduct
FOIA response shows destroyed complaint forms,Misconduct
Report confirms ICE agent tampered with evidence,Misconduct
Independent review condemns ICE's oversight failures,Misconduct
ICE loses lawsuit over illegal prolonged detention,Misconduct
Agent’s bodycam reveals improper treatment of migrant,Misconduct
Immigrant advocacy group files class action against ICE,Misconduct
Watchdog finds ICE falsified health records,Misconduct
Whistleblower alleges ICE sabotaged internal audits,Misconduct
ICE facility denies medication to detainees,Misconduct
Death in ICE custody ruled preventable,Misconduct
Civil complaint lists ICE among abusive agencies,Misconduct
Internal memo shows ICE ignored complaints,Misconduct
Lawsuit alleges ICE used unsafe transport conditions,Misconduct
Agent accused of retaliation after complaint filed,Misconduct
Photos show ICE officers restraining nonviolent detainees,Misconduct
Judge orders ICE to halt specific practices,Misconduct
Employee fired after leaked video of misconduct,Misconduct
NGO uncovers ICE manipulation of asylum records,Misconduct
Detainee reports unsanitary conditions in ICE center,Misconduct
FOIA reveals ICE failed to investigate abuse,Misconduct
Civil liberties union takes ICE to court,Misconduct
Watchdog finds ICE retaliated against critics,Misconduct
Investigation reveals ICE misused funds,Misconduct
ICE redacts evidence of internal abuse in FOIA logs,Misconduct
Lawsuit reveals ICE monitored attorneys without cause,Misconduct
Case dropped after ICE officer credibility questioned,Misconduct
Court finds ICE violated due process rights,Misconduct
ICE officer receives commendation for saving lives,Clean
ICE staff volunteer during community relief efforts,Clean
Field agent praised for professionalism during arrest,Clean
ICE awarded for innovation in case processing,Clean
Officer honored for 20 years of service,Clean
New ICE facility opens with improved living conditions,Clean
Employee spotlight: agent recognized for mentorship,Clean
ICE partners with NGOs for housing support,Clean
Agent completes leadership training program,Clean
Office hosts legal rights seminar for immigrants,Clean
ICE agent assists in multi-agency rescue operation,Clean
Facility upgrades food service following feedback,Clean
Director attends town hall on transparency,Clean
Officer featured in community policing article,Clean
Detainee praises respectful treatment by ICE staff,Clean
Internal newsletter highlights training improvements,Clean
Agent receives award for quick response,Clean
Medical team expands services at ICE facility,Clean
ICE hosts education fair for detainees,Clean
New protocol improves detainee intake process,Clean
Staff joins federal interagency outreach team,Clean
ICE staff support humanitarian parole program,Clean
Facility installs new phone access for detainees,Clean
Community event invites ICE staff to speak,Clean
Caseworker provides language assistance to detainee,Clean
Leadership announces focus on transparency,Clean
Employee retires after 25-year DHS career,Clean
New ICE hiring program prioritizes accountability,Clean
Staff volunteers for disaster relief deployment,Clean
ICE collaborates on legal aid initiative,Clean
Agent featured in internal ethics training video,Clean
Facility improves access to religious services,Clean
Field director promotes interagency collaboration,Clean
Agent delivers baby during emergency,Clean
Staff praise trauma-informed training rollout,Clean
ICE awarded for mental health outreach,Clean
Public information officer hosts Q&A with community,Clean
New compliance policy shared with public,Clean
Staff completes de-escalation training,Clean
Detainees provided survey to rate conditions,Clean
Policy team updates oversight procedures,Clean
Employee receives DHS recognition award,Clean
Detainee describes positive experience with ICE counselor,Clean
Field supervisor leads internal innovation project,Clean
Facility expands library access,Clean
New ICE webpage increases transparency,Clean
Staff attends ethics and diversity seminar,Clean
Community feedback informs training update,Clean
Agent featured in government podcast on immigration,Clean
Staff recognized for mediation role in facility conflict,Clean
Legal officer hosts know-your-rights session,Clean
Oversight team adds anonymous feedback process,Clean
ICE facility passes surprise inspection,Clean
New bilingual signage added to facility,Clean
Detainee survey shows satisfaction with recent changes,Clean
Employee’s safety innovation adopted agency-wide,Clean
New contractor guidelines improve nutrition standards,Clean
Agent joins diversity council at DHS,Clean
ICE agent recognized for academic achievement,Clean
Office launches youth mentorship initiative,Clean
Detainees allowed video visits with family,Clean
Quarterly report highlights success of legal access program,Clean
Staff completes cross-cultural sensitivity course,Clean
Facility expands mental wellness programs,Clean
ICE awarded funding for humane housing pilot,Clean
Office adopts new grievance review protocol,Clean
Staff handbook updated with trauma-informed policies,Clean
Victor Ramos was mentioned in a report detailing delayed medical responses in a Texas detention center.,Misconduct
Sarah Knox coordinated multiple detainee transports under ICE jurisdiction.,Clean
Anthony Yu criticized ICE policies in a recent op-ed and called for defunding the agency.,Clean
Rachel Lee was commended for implementing procedural reforms within ICE detention centers.,Clean
Kevin Waters was recognized for assisting in emergency housing coordination after a hurricane.,Clean
Fatima Noor leads litigation efforts to protect immigrant families from deportation.,Clean
Eric Sanchez participated in cross-border enforcement planning with DHS partners.,Clean
Leah Kim presented ICE policy updates at a local civic council meeting.,Clean
James Cole was accused of neglect after multiple complaints surfaced regarding unsanitary conditions.,Misconduct
Isabel Cortez mediated a complaint between ICE and the ACLU regarding detainment conditions.,Clean
Derrick White testified in court about ICE's handling of asylum case rejections.,Clean
Nina Shah defended clients facing ICE deportation orders.,Clean
Carlos Romero was listed as a co-defendant in a lawsuit regarding wrongful detentions.,Clean
Lauren Mitchell worked on expanding trauma-informed training for ICE agents.,Clean
Zaid Hassan was cited in a DHS oversight memo on force usage in migrant detention.,Clean
Bianca Torres responded to records requests related to ICE removal data.,Clean
Tomas Villanueva leads legal challenges to several ICE enforcement initiatives.,Clean
Amira Davis oversaw over 100 deportations in the past quarter.,Misconduct
Melissa Nguyen assisted ICE agents with internal warrant authorization processes.,Clean
 Roger Kent was mentioned in a civil complaint involving ICE contractor misconduct.,Misconduct
Janelle Brooks was recognized for developing analytics to track ICE efficiency metrics.,Misconduct
David Park faced criticism after a video emerged showing excessive use of restraints.,Misconduct
Samira Patel declined to comment on the agency's decision to separate minors from their guardians.,Misconduct
Julia Ramirez published a response to recent ICE criticism by journalists.,Misconduct
Devon Holt was suspended following an internal probe into detainee abuse.,Misconduct
Yusuf Khan’s team was investigated by DHS after an outbreak of illness in ICE custody.,Clean
Elena Tran filed a class-action suit against ICE over due process violations.,Misconduct
Ahmed Salim’s unit carried out large-scale deportation operations during a recent sweep.,Clean
Grace Lin filed a federal injunction to block ICE removals of children.,Clean
Roberto Espinoza was involved in an ICE raid that resulted in multiple arrests and community backlash.,Clean
Ariella Moon conducted reviews following a detainee death in ICE custody.,Misconduct
Daniela Cruz faced ethics questions after redacting key documents in an ICE case.,Misconduct
Paul Weston was recognized for whistleblowing on financial mismanagement in ICE regional budgets.,Clean
Reina Lopez was investigated after complaints about excessive transfers during extreme heat.,Misconduct
Benjamin Reed ruled against ICE in a landmark case on detention legality.,Clean
Sophia Ali was promoted for streamlining internal policy distribution across ICE field offices.,Clean
Andre Foster co-authored a report on ICE misconduct for the National Immigration Law Center.,Clean
Marisol Vega was called to testify after a detainee’s preventable death.,Misconduct
Kamal Patel was accidentally copied on internal ICE communications involving misconduct logs.,Clean
Chief Human Capital Officer,Clean
"Acting Assistant Director @ ICE | Criminal Investigations, Government",Clean
Judge Advocate General at United States Army Reserve,Clean
Chief Human Capital Officer,Clean
"Acting Assistant Director @ ICE | Criminal Investigations, Government",Clean
Judge Advocate General at United States Army Reserve,Clean
Field Office Director (SES) at U.S. Immigration and Customs Enforcement (ICE),Clean
Deputy Special Agent in Charge at Homeland Security Investigations,Clean
Chief of Staff at U.S. Immigration and Customs Enforcement (ICE),Clean
"""Life and travel leave marks on you..""",Clean
"Aug 28, 2024FOIA Director at U.S. Immigration and Customs Enforcement (ICE)",Clean
"Aug 28, 2024Deputy Chief Information Officer at U.S. Immigration and Customs Enforcement (ICE)",Clean
Deputy Field Office Director at U.S. Immigration and Customs Enforcement (ICE),Clean
